,method,best_Jaccard_index_for_cluster
0,SPIRAL (Jaccard index=0.05),0.17702169625246547
1,SPIRAL (Jaccard index=0.05),0.07991452991452991
2,SPIRAL (Jaccard index=0.05),0.25178826895565093
3,SPIRAL (Jaccard index=0.05),0.21621621621621623
4,SPIRAL (Jaccard index=0.05),0.20860430215107553
5,SPIRAL (Jaccard index=0.05),0.18907563025210083
6,SPIRAL (Jaccard index=0.5),0.2043935052531041
7,SPIRAL (Jaccard index=0.5),0.2044665012406948
8,SPIRAL (Jaccard index=0.5),0.25178826895565093
9,SPIRAL (Jaccard index=0.5),0.21621621621621623
10,SPIRAL (Jaccard index=0.5),0.2406392694063927
11,SPIRAL (Jaccard index=0.5),0.18907563025210083
12,SPIRAL (Jaccard index=0.75),0.2043935052531041
13,SPIRAL (Jaccard index=0.75),0.2044665012406948
14,SPIRAL (Jaccard index=0.75),0.25178826895565093
15,SPIRAL (Jaccard index=0.75),0.21621621621621623
16,SPIRAL (Jaccard index=0.75),0.2406392694063927
17,SPIRAL (Jaccard index=0.75),0.18907563025210083
18,Seurat,0.06459838504037399
19,Seurat,0.04963314630988347
20,Seurat,0.10938845822566753
21,Seurat,0.08417360806663744
22,Seurat,0.10160427807486631
23,Seurat,0.06557377049180328
24,Slingshot+tradeSeq (nPoints=20),0.07898586055582643
25,Slingshot+tradeSeq (nPoints=20),0.052551020408163264
26,Slingshot+tradeSeq (nPoints=20),0.05281007751937984
27,Slingshot+tradeSeq (nPoints=20),0.027829313543599257
28,Slingshot+tradeSeq (nPoints=20),0.12319920516641829
29,Slingshot+tradeSeq (nPoints=20),0.03916827852998066
30,Slingshot+tradeSeq (nPoints=200),0.07937285644292014
31,Slingshot+tradeSeq (nPoints=200),0.049515058703420115
32,Slingshot+tradeSeq (nPoints=200),0.04611650485436893
33,Slingshot+tradeSeq (nPoints=200),0.03013444598980065
34,Slingshot+tradeSeq (nPoints=200),0.1256206554121152
35,Slingshot+tradeSeq (nPoints=200),0.036768263183357526
36,Hotspot (n_neighbors=30),0.05873642645607108
37,Hotspot (n_neighbors=30),0.07213396307428081
38,Hotspot (n_neighbors=30),0.11500974658869395
39,Hotspot (n_neighbors=30),0.048380311316785864
40,Hotspot (n_neighbors=30),0.26660009985022465
41,Hotspot (n_neighbors=30),0.05965082444228904
42,Hotspot (n_neighbors=300),0.06959526159921027
43,Hotspot (n_neighbors=300),0.04708290685772774
44,Hotspot (n_neighbors=300),0.0726474890297416
45,Hotspot (n_neighbors=300),0.030753459764223477
46,Hotspot (n_neighbors=300),0.0435871743486974
47,Hotspot (n_neighbors=300),0.056878949927078266
48,nsNMF,0.03545759463344514
49,nsNMF,0.020347394540942927
50,nsNMF,0.05263157894736842
51,nsNMF,0.012339585389930898
52,nsNMF,0.04852426213106553
53,nsNMF,0.036914339801230475
54,SingleCellHaystack (k=3),0.1133076181292189
55,SingleCellHaystack (k=3),0.09057129586623316
56,SingleCellHaystack (k=3),0.10680970149253731
57,SingleCellHaystack (k=3),0.05136663524976438
58,SingleCellHaystack (k=3),0.13931297709923665
59,SingleCellHaystack (k=3),0.08238507055075102
60,SingleCellHaystack (k=5),0.1133076181292189
61,SingleCellHaystack (k=5),0.05584978334135773
62,SingleCellHaystack (k=5),0.06493506493506493
63,SingleCellHaystack (k=5),0.05136663524976438
64,SingleCellHaystack (k=5),0.07669172932330827
65,SingleCellHaystack (k=5),0.06592877767083734
66,SingleCellHaystack (k=6),0.1006876227897839
67,SingleCellHaystack (k=6),0.05584978334135773
68,SingleCellHaystack (k=6),0.06493506493506493
69,SingleCellHaystack (k=6),0.027522935779816515
70,SingleCellHaystack (k=6),0.07669172932330827
71,SingleCellHaystack (k=6),0.06592877767083734
72,SPIRAL (Jaccard index=0.05),0.07808687164470474
73,SPIRAL (Jaccard index=0.05),0.14071106659989985
74,SPIRAL (Jaccard index=0.05),0.051001821493624776
75,SPIRAL (Jaccard index=0.05),0.04251700680272109
76,SPIRAL (Jaccard index=0.05),0.22216867469879517
77,SPIRAL (Jaccard index=0.05),0.21167536782154722
78,SPIRAL (Jaccard index=0.5),0.2092469018112488
79,SPIRAL (Jaccard index=0.5),0.18915026404224675
80,SPIRAL (Jaccard index=0.5),0.2574645129711209
81,SPIRAL (Jaccard index=0.5),0.208984375
82,SPIRAL (Jaccard index=0.5),0.2303498409813721
83,SPIRAL (Jaccard index=0.5),0.2645308924485126
84,SPIRAL (Jaccard index=0.75),0.2092469018112488
85,SPIRAL (Jaccard index=0.75),0.18915026404224675
86,SPIRAL (Jaccard index=0.75),0.2574645129711209
87,SPIRAL (Jaccard index=0.75),0.208984375
88,SPIRAL (Jaccard index=0.75),0.2303498409813721
89,SPIRAL (Jaccard index=0.75),0.2645308924485126
90,Seurat,0.08028335301062574
91,Seurat,0.05653710247349823
92,Seurat,0.13564273789649417
93,Seurat,0.10506798516687268
94,Seurat,0.10799319727891156
95,Seurat,0.07917019475021168
96,Slingshot+tradeSeq (nPoints=20),0.07945736434108527
97,Slingshot+tradeSeq (nPoints=20),0.05480817140009965
98,Slingshot+tradeSeq (nPoints=20),0.03652517275419546
99,Slingshot+tradeSeq (nPoints=20),0.027777777777777776
100,Slingshot+tradeSeq (nPoints=20),0.10239234449760766
101,Slingshot+tradeSeq (nPoints=20),0.043137254901960784
102,Slingshot+tradeSeq (nPoints=200),0.09152542372881356
103,Slingshot+tradeSeq (nPoints=200),0.043912175648702596
104,Slingshot+tradeSeq (nPoints=200),0.03358024691358025
105,Slingshot+tradeSeq (nPoints=200),0.028938906752411574
106,Slingshot+tradeSeq (nPoints=200),0.11089866156787763
107,Slingshot+tradeSeq (nPoints=200),0.06588003933136677
108,Hotspot (n_neighbors=30),0.18448023426061494
109,Hotspot (n_neighbors=30),0.1535
110,Hotspot (n_neighbors=30),0.03308641975308642
111,Hotspot (n_neighbors=30),0.147117296222664
112,Hotspot (n_neighbors=30),0.10338164251207729
113,Hotspot (n_neighbors=30),0.07000993048659385
114,Hotspot (n_neighbors=300),0.08247925817471938
115,Hotspot (n_neighbors=300),0.06365914786967418
116,Hotspot (n_neighbors=300),0.028641975308641977
117,Hotspot (n_neighbors=300),0.17734724292101342
118,Hotspot (n_neighbors=300),0.09806763285024155
119,Hotspot (n_neighbors=300),0.03670634920634921
120,nsNMF,0.02977061981454368
121,nsNMF,0.029537875178656504
122,nsNMF,0.05728395061728395
123,nsNMF,0.020872865275142316
124,nsNMF,0.07863000482392668
125,nsNMF,0.022526934378060724
126,SingleCellHaystack (k=3),0.09583333333333334
127,SingleCellHaystack (k=3),0.08429458740017746
128,SingleCellHaystack (k=3),0.10307767464582315
129,SingleCellHaystack (k=3),0.055025996533795495
130,SingleCellHaystack (k=3),0.15497478220999542
131,SingleCellHaystack (k=3),0.08823529411764706
132,SingleCellHaystack (k=5),0.09583333333333334
133,SingleCellHaystack (k=5),0.07156133828996282
134,SingleCellHaystack (k=5),0.07051282051282051
135,SingleCellHaystack (k=5),0.033183856502242155
136,SingleCellHaystack (k=5),0.12152614225153086
137,SingleCellHaystack (k=5),0.08823529411764706
138,SingleCellHaystack (k=6),0.09583333333333334
139,SingleCellHaystack (k=6),0.07156133828996282
140,SingleCellHaystack (k=6),0.07051282051282051
141,SingleCellHaystack (k=6),0.033183856502242155
142,SingleCellHaystack (k=6),0.12152614225153086
143,SingleCellHaystack (k=6),0.08823529411764706
144,SPIRAL (Jaccard index=0.05),0.15173764072442486
145,SPIRAL (Jaccard index=0.05),0.16356316054353295
146,SPIRAL (Jaccard index=0.05),0.06357894736842105
147,SPIRAL (Jaccard index=0.05),0.1293060409385921
148,SPIRAL (Jaccard index=0.05),0.23692003948667326
149,SPIRAL (Jaccard index=0.05),0.10046511627906977
150,SPIRAL (Jaccard index=0.5),0.22497661365762395
151,SPIRAL (Jaccard index=0.5),0.18063872255489022
152,SPIRAL (Jaccard index=0.5),0.2432560340747752
153,SPIRAL (Jaccard index=0.5),0.12469196648595367
154,SPIRAL (Jaccard index=0.5),0.27148253068932954
155,SPIRAL (Jaccard index=0.5),0.17969494756911344
156,SPIRAL (Jaccard index=0.75),0.22497661365762395
157,SPIRAL (Jaccard index=0.75),0.18063872255489022
158,SPIRAL (Jaccard index=0.75),0.2432560340747752
159,SPIRAL (Jaccard index=0.75),0.1293060409385921
160,SPIRAL (Jaccard index=0.75),0.27148253068932954
161,SPIRAL (Jaccard index=0.75),0.17969494756911344
162,Seurat,0.07382265591854052
163,Seurat,0.05260960334029228
164,Seurat,0.11200338123415046
165,Seurat,0.08272610372910416
166,Seurat,0.09023215067893123
167,Seurat,0.07658058771148708
168,Slingshot+tradeSeq (nPoints=20),0.11898980087421078
169,Slingshot+tradeSeq (nPoints=20),0.07028112449799197
170,Slingshot+tradeSeq (nPoints=20),0.031654676258992806
171,Slingshot+tradeSeq (nPoints=20),0.02986425339366516
172,Slingshot+tradeSeq (nPoints=20),0.1279527559055118
173,Slingshot+tradeSeq (nPoints=20),0.05649717514124294
174,Slingshot+tradeSeq (nPoints=200),0.0631424375917768
175,Slingshot+tradeSeq (nPoints=200),0.07325639739086803
176,Slingshot+tradeSeq (nPoints=200),0.027658559847401048
177,Slingshot+tradeSeq (nPoints=200),0.02741635687732342
178,Slingshot+tradeSeq (nPoints=200),0.10138476755687438
179,Slingshot+tradeSeq (nPoints=200),0.04496124031007752
180,Hotspot (n_neighbors=30),0.09148727984344422
181,Hotspot (n_neighbors=30),0.05884843353090601
182,Hotspot (n_neighbors=30),0.05803357314148681
183,Hotspot (n_neighbors=30),0.08601609657947686
184,Hotspot (n_neighbors=30),0.2485148514851485
185,Hotspot (n_neighbors=30),0.08062015503875969
186,Hotspot (n_neighbors=300),0.07111329082883766
187,Hotspot (n_neighbors=300),0.03189873417721519
188,Hotspot (n_neighbors=300),0.04700239808153477
189,Hotspot (n_neighbors=300),0.023701462430660614
190,Hotspot (n_neighbors=300),0.06253126563281641
191,Hotspot (n_neighbors=300),0.03877973112719752
192,nsNMF,0.029931305201177625
193,nsNMF,0.01671583087512291
194,nsNMF,0.04460431654676259
195,nsNMF,0.01569396763119176
196,nsNMF,0.04297851074462768
197,nsNMF,0.014329580348004094
198,SingleCellHaystack (k=3),0.11451089476124246
199,SingleCellHaystack (k=3),0.09510991475998205
200,SingleCellHaystack (k=3),0.07030878859857483
201,SingleCellHaystack (k=3),0.05704407951598963
202,SingleCellHaystack (k=3),0.15858823529411764
203,SingleCellHaystack (k=3),0.09303435114503816
204,SingleCellHaystack (k=5),0.11451089476124246
205,SingleCellHaystack (k=5),0.05297029702970297
206,SingleCellHaystack (k=5),0.07030878859857483
207,SingleCellHaystack (k=5),0.03393565447333627
208,SingleCellHaystack (k=5),0.09970238095238096
209,SingleCellHaystack (k=5),0.09303435114503816
210,SingleCellHaystack (k=6),0.0804093567251462
211,SingleCellHaystack (k=6),0.05297029702970297
212,SingleCellHaystack (k=6),0.07030878859857483
213,SingleCellHaystack (k=6),0.030057251908396948
214,SingleCellHaystack (k=6),0.09970238095238096
215,SingleCellHaystack (k=6),0.07975460122699386
216,SPIRAL (Jaccard index=0.05),0.16250636780438105
217,SPIRAL (Jaccard index=0.05),0.11219512195121951
218,SPIRAL (Jaccard index=0.05),0.21764141898370087
219,SPIRAL (Jaccard index=0.05),0.11857506361323156
220,SPIRAL (Jaccard index=0.05),0.21948769462581616
221,SPIRAL (Jaccard index=0.05),0.06912232833105958
222,SPIRAL (Jaccard index=0.5),0.1813285457809695
223,SPIRAL (Jaccard index=0.5),0.1819941916747338
224,SPIRAL (Jaccard index=0.5),0.21764141898370087
225,SPIRAL (Jaccard index=0.5),0.20216428922774227
226,SPIRAL (Jaccard index=0.5),0.2229697260932244
227,SPIRAL (Jaccard index=0.5),0.2110435189518016
228,SPIRAL (Jaccard index=0.75),0.1813285457809695
229,SPIRAL (Jaccard index=0.75),0.1819941916747338
230,SPIRAL (Jaccard index=0.75),0.28753541076487255
231,SPIRAL (Jaccard index=0.75),0.20216428922774227
232,SPIRAL (Jaccard index=0.75),0.2229697260932244
233,SPIRAL (Jaccard index=0.75),0.2110435189518016
234,Seurat,0.0633405639913232
235,Seurat,0.05241379310344828
236,Seurat,0.11544991511035653
237,Seurat,0.08669267446900737
238,Seurat,0.10545129579982127
239,Seurat,0.07774455360956856
240,Slingshot+tradeSeq (nPoints=20),0.07856056766345666
241,Slingshot+tradeSeq (nPoints=20),0.05879494655004859
242,Slingshot+tradeSeq (nPoints=20),0.026442307692307692
243,Slingshot+tradeSeq (nPoints=20),0.020240963855421686
244,Slingshot+tradeSeq (nPoints=20),0.09530938123752496
245,Slingshot+tradeSeq (nPoints=20),0.06448461162677088
246,Slingshot+tradeSeq (nPoints=200),0.08312214901165738
247,Slingshot+tradeSeq (nPoints=200),0.06316812439261418
248,Slingshot+tradeSeq (nPoints=200),0.023154848046309694
249,Slingshot+tradeSeq (nPoints=200),0.024941176470588234
250,Slingshot+tradeSeq (nPoints=200),0.09995027349577325
251,Slingshot+tradeSeq (nPoints=200),0.0702439024390244
252,Hotspot (n_neighbors=30),0.12124299541518084
253,Hotspot (n_neighbors=30),0.08025291828793775
254,Hotspot (n_neighbors=30),0.02219006271104679
255,Hotspot (n_neighbors=30),0.03660714285714286
256,Hotspot (n_neighbors=30),0.1851106639839034
257,Hotspot (n_neighbors=30),0.09416380578715057
258,Hotspot (n_neighbors=300),0.029546612328069283
259,Hotspot (n_neighbors=300),0.044220665499124345
260,Hotspot (n_neighbors=300),0.03227360308285164
261,Hotspot (n_neighbors=300),0.033921302578018994
262,Hotspot (n_neighbors=300),0.16817724068479356
263,Hotspot (n_neighbors=300),0.10702012763868433
264,nsNMF,0.02040816326530612
265,nsNMF,0.0211864406779661
266,nsNMF,0.0647342995169082
267,nsNMF,0.015203531142717018
268,nsNMF,0.058882737795671866
269,nsNMF,0.019294117647058823
270,SingleCellHaystack (k=3),0.10688073394495413
271,SingleCellHaystack (k=3),0.05799026117751217
272,SingleCellHaystack (k=3),0.07682458386683738
273,SingleCellHaystack (k=3),0.045641259698767686
274,SingleCellHaystack (k=3),0.09674185463659148
275,SingleCellHaystack (k=3),0.12341772151898735
276,SingleCellHaystack (k=5),0.09884281581485053
277,SingleCellHaystack (k=5),0.04790697674418604
278,SingleCellHaystack (k=5),0.06063522617901829
279,SingleCellHaystack (k=5),0.029038112522686024
280,SingleCellHaystack (k=5),0.09674185463659148
281,SingleCellHaystack (k=5),0.0970601959869342
282,SingleCellHaystack (k=6),0.09884281581485053
283,SingleCellHaystack (k=6),0.04790697674418604
284,SingleCellHaystack (k=6),0.06063522617901829
285,SingleCellHaystack (k=6),0.029038112522686024
286,SingleCellHaystack (k=6),0.09674185463659148
287,SingleCellHaystack (k=6),0.0970601959869342
288,SPIRAL (Jaccard index=0.05),0.15392015392015393
289,SPIRAL (Jaccard index=0.05),0.07682458386683738
290,SPIRAL (Jaccard index=0.05),0.2489351632749645
291,SPIRAL (Jaccard index=0.05),0.05132591958939264
292,SPIRAL (Jaccard index=0.05),0.23291015625
293,SPIRAL (Jaccard index=0.05),0.06939281288723669
294,SPIRAL (Jaccard index=0.5),0.18926296633303002
295,SPIRAL (Jaccard index=0.5),0.1650729743331656
296,SPIRAL (Jaccard index=0.5),0.2489351632749645
297,SPIRAL (Jaccard index=0.5),0.1889332003988036
298,SPIRAL (Jaccard index=0.5),0.23291015625
299,SPIRAL (Jaccard index=0.5),0.174408014571949
300,SPIRAL (Jaccard index=0.75),0.18926296633303002
301,SPIRAL (Jaccard index=0.75),0.1650729743331656
302,SPIRAL (Jaccard index=0.75),0.2489351632749645
303,SPIRAL (Jaccard index=0.75),0.1889332003988036
304,SPIRAL (Jaccard index=0.75),0.23291015625
305,SPIRAL (Jaccard index=0.75),0.174408014571949
306,Seurat,0.07204610951008646
307,Seurat,0.06003223207091055
308,Seurat,0.13371853074700785
309,Seurat,0.09376308078694014
310,Seurat,0.116542994325622
311,Seurat,0.07024106400665005
312,Slingshot+tradeSeq (nPoints=20),0.10584291187739464
313,Slingshot+tradeSeq (nPoints=20),0.052072800808897875
314,Slingshot+tradeSeq (nPoints=20),0.020603737422137038
315,Slingshot+tradeSeq (nPoints=20),0.02835538752362949
316,Slingshot+tradeSeq (nPoints=20),0.10383858267716535
317,Slingshot+tradeSeq (nPoints=20),0.0400390625
318,Slingshot+tradeSeq (nPoints=200),0.10777300906056271
319,Slingshot+tradeSeq (nPoints=200),0.051061678463094035
320,Slingshot+tradeSeq (nPoints=200),0.020124580737901295
321,Slingshot+tradeSeq (nPoints=200),0.032227930873423634
322,Slingshot+tradeSeq (nPoints=200),0.09610645638245441
323,Slingshot+tradeSeq (nPoints=200),0.0523509452253999
324,Hotspot (n_neighbors=30),0.09632139399806389
325,Hotspot (n_neighbors=30),0.15933232169954475
326,Hotspot (n_neighbors=30),0.03768345894486315
327,Hotspot (n_neighbors=30),0.049104859335038366
328,Hotspot (n_neighbors=30),0.13656605640771896
329,Hotspot (n_neighbors=30),0.24141267537493952
330,Hotspot (n_neighbors=300),0.04046242774566474
331,Hotspot (n_neighbors=300),0.07758620689655173
332,Hotspot (n_neighbors=300),0.05031145184475323
333,Hotspot (n_neighbors=300),0.08961303462321792
334,Hotspot (n_neighbors=300),0.1432806324110672
335,Hotspot (n_neighbors=300),0.06069505628976995
336,nsNMF,0.021297192642787996
337,nsNMF,0.03358925143953935
338,nsNMF,0.0871647509578544
339,nsNMF,0.014792899408284023
340,nsNMF,0.050939663699307615
341,nsNMF,0.02920723226703755
342,SingleCellHaystack (k=3),0.09269406392694064
343,SingleCellHaystack (k=3),0.06879271070615034
344,SingleCellHaystack (k=3),0.08656036446469248
345,SingleCellHaystack (k=3),0.04488330341113106
346,SingleCellHaystack (k=3),0.15366088631984587
347,SingleCellHaystack (k=3),0.0939379916705229
348,SingleCellHaystack (k=5),0.09269406392694064
349,SingleCellHaystack (k=5),0.04865375531412376
350,SingleCellHaystack (k=5),0.04807692307692308
351,SingleCellHaystack (k=5),0.030416471689284044
352,SingleCellHaystack (k=5),0.09349397590361445
353,SingleCellHaystack (k=5),0.0939379916705229
354,SingleCellHaystack (k=6),0.09269406392694064
355,SingleCellHaystack (k=6),0.04865375531412376
356,SingleCellHaystack (k=6),0.04807692307692308
357,SingleCellHaystack (k=6),0.030416471689284044
358,SingleCellHaystack (k=6),0.09349397590361445
359,SingleCellHaystack (k=6),0.0939379916705229
360,SPIRAL (Jaccard index=0.05),0.16481391976800386
361,SPIRAL (Jaccard index=0.05),0.06768558951965066
362,SPIRAL (Jaccard index=0.05),0.2242305813385442
363,SPIRAL (Jaccard index=0.05),0.09403437815975733
364,SPIRAL (Jaccard index=0.05),0.22118525431637892
365,SPIRAL (Jaccard index=0.05),0.1707434052757794
366,SPIRAL (Jaccard index=0.5),0.1982276119402985
367,SPIRAL (Jaccard index=0.5),0.20208023774145617
368,SPIRAL (Jaccard index=0.5),0.2242305813385442
369,SPIRAL (Jaccard index=0.5),0.2064814814814815
370,SPIRAL (Jaccard index=0.5),0.22118525431637892
371,SPIRAL (Jaccard index=0.5),0.23431734317343172
372,SPIRAL (Jaccard index=0.75),0.1982276119402985
373,SPIRAL (Jaccard index=0.75),0.20208023774145617
374,SPIRAL (Jaccard index=0.75),0.2242305813385442
375,SPIRAL (Jaccard index=0.75),0.2064814814814815
376,SPIRAL (Jaccard index=0.75),0.22118525431637892
377,SPIRAL (Jaccard index=0.75),0.23431734317343172
378,Seurat,0.08398517908604364
379,Seurat,0.05333333333333334
380,Seurat,0.1272648835202761
381,Seurat,0.07852292020373515
382,Seurat,0.10204081632653061
383,Seurat,0.09033347403967919
384,Slingshot+tradeSeq (nPoints=20),0.09678965021562051
385,Slingshot+tradeSeq (nPoints=20),0.03292806484295846
386,Slingshot+tradeSeq (nPoints=20),0.052169673330082884
387,Slingshot+tradeSeq (nPoints=20),0.028692380056444027
388,Slingshot+tradeSeq (nPoints=20),0.08879590887959089
389,Slingshot+tradeSeq (nPoints=20),0.055747409965466205
390,Slingshot+tradeSeq (nPoints=200),0.08229066410009625
391,Slingshot+tradeSeq (nPoints=200),0.03896761133603239
392,Slingshot+tradeSeq (nPoints=200),0.04736328125
393,Slingshot+tradeSeq (nPoints=200),0.026511627906976743
394,Slingshot+tradeSeq (nPoints=200),0.10460251046025104
395,Slingshot+tradeSeq (nPoints=200),0.03269887750122011
396,Hotspot (n_neighbors=30),0.03673272112131464
397,Hotspot (n_neighbors=30),0.06822810590631365
398,Hotspot (n_neighbors=30),0.09166666666666666
399,Hotspot (n_neighbors=30),0.1268958543983822
400,Hotspot (n_neighbors=30),0.08610201216658868
401,Hotspot (n_neighbors=30),0.06872852233676977
402,Hotspot (n_neighbors=300),0.04543257612373127
403,Hotspot (n_neighbors=300),0.035559827006247
404,Hotspot (n_neighbors=300),0.054901960784313725
405,Hotspot (n_neighbors=300),0.04619289340101523
406,Hotspot (n_neighbors=300),0.08789153810191679
407,Hotspot (n_neighbors=300),0.04199604743083004
408,nsNMF,0.02608695652173913
409,nsNMF,0.021505376344086023
410,nsNMF,0.06764705882352941
411,nsNMF,0.01948368241597662
412,nsNMF,0.05750350631136045
413,nsNMF,0.016486104569006125
414,SingleCellHaystack (k=3),0.1102077687443541
415,SingleCellHaystack (k=3),0.09891107078039928
416,SingleCellHaystack (k=3),0.07398334149926507
417,SingleCellHaystack (k=3),0.047968885047536734
418,SingleCellHaystack (k=3),0.14727996461742593
419,SingleCellHaystack (k=3),0.10004568296025583
420,SingleCellHaystack (k=5),0.07440336920917173
421,SingleCellHaystack (k=5),0.06688341848583372
422,SingleCellHaystack (k=5),0.07398334149926507
423,SingleCellHaystack (k=5),0.03784295175023652
424,SingleCellHaystack (k=5),0.09296148738379814
425,SingleCellHaystack (k=5),0.07016683022571148
426,SingleCellHaystack (k=6),0.07440336920917173
427,SingleCellHaystack (k=6),0.03672456575682382
428,SingleCellHaystack (k=6),0.07398334149926507
429,SingleCellHaystack (k=6),0.03784295175023652
430,SingleCellHaystack (k=6),0.0718562874251497
431,SingleCellHaystack (k=6),0.07016683022571148
432,SPIRAL (Jaccard index=0.05),0.1620795107033639
433,SPIRAL (Jaccard index=0.05),0.09198813056379822
434,SPIRAL (Jaccard index=0.05),0.2791154791154791
435,SPIRAL (Jaccard index=0.05),0.05254378648874062
436,SPIRAL (Jaccard index=0.05),0.23486328125
437,SPIRAL (Jaccard index=0.05),0.08403716216216216
438,SPIRAL (Jaccard index=0.5),0.2243362831858407
439,SPIRAL (Jaccard index=0.5),0.1938259109311741
440,SPIRAL (Jaccard index=0.5),0.2791154791154791
441,SPIRAL (Jaccard index=0.5),0.21534063839923773
442,SPIRAL (Jaccard index=0.5),0.23486328125
443,SPIRAL (Jaccard index=0.5),0.19953051643192488
444,SPIRAL (Jaccard index=0.75),0.2243362831858407
445,SPIRAL (Jaccard index=0.75),0.1938259109311741
446,SPIRAL (Jaccard index=0.75),0.2791154791154791
447,SPIRAL (Jaccard index=0.75),0.21534063839923773
448,SPIRAL (Jaccard index=0.75),0.23486328125
449,SPIRAL (Jaccard index=0.75),0.19953051643192488
450,Seurat,0.06991869918699187
451,Seurat,0.062197092084006464
452,Seurat,0.1316013628620102
453,Seurat,0.09477521263669501
454,Seurat,0.1096128751631144
455,Seurat,0.06990881458966565
456,Slingshot+tradeSeq (nPoints=20),0.08151898734177215
457,Slingshot+tradeSeq (nPoints=20),0.07735368956743002
458,Slingshot+tradeSeq (nPoints=20),0.034760705289672546
459,Slingshot+tradeSeq (nPoints=20),0.029263831732967534
460,Slingshot+tradeSeq (nPoints=20),0.1015625
461,Slingshot+tradeSeq (nPoints=20),0.037378392217101895
462,Slingshot+tradeSeq (nPoints=200),0.0860323886639676
463,Slingshot+tradeSeq (nPoints=200),0.05657492354740061
464,Slingshot+tradeSeq (nPoints=200),0.03929471032745592
465,Slingshot+tradeSeq (nPoints=200),0.029653284671532845
466,Slingshot+tradeSeq (nPoints=200),0.10395314787701318
467,Slingshot+tradeSeq (nPoints=200),0.050204918032786885
468,Hotspot (n_neighbors=30),0.16522182559918408
469,Hotspot (n_neighbors=30),0.06833248342682305
470,Hotspot (n_neighbors=30),0.042821158690176324
471,Hotspot (n_neighbors=30),0.09838472834067548
472,Hotspot (n_neighbors=30),0.3134474327628362
473,Hotspot (n_neighbors=30),0.2150482968988307
474,Hotspot (n_neighbors=300),0.07040816326530612
475,Hotspot (n_neighbors=300),0.02626641651031895
476,Hotspot (n_neighbors=300),0.03877139979859013
477,Hotspot (n_neighbors=300),0.06856023506366307
478,Hotspot (n_neighbors=300),0.11296660117878192
479,Hotspot (n_neighbors=300),0.030240902101486417
480,nsNMF,0.02806122448979592
481,nsNMF,0.017638412542871143
482,nsNMF,0.038267875125881166
483,nsNMF,0.017510648367250355
484,nsNMF,0.05844793713163065
485,nsNMF,0.017346938775510204
486,SingleCellHaystack (k=3),0.09669698420296793
487,SingleCellHaystack (k=3),0.08192990441511151
488,SingleCellHaystack (k=3),0.08232445520581114
489,SingleCellHaystack (k=3),0.04835258878904578
490,SingleCellHaystack (k=3),0.16185518220539516
491,SingleCellHaystack (k=3),0.09404990403071017
492,SingleCellHaystack (k=5),0.09669698420296793
493,SingleCellHaystack (k=5),0.04844124700239808
494,SingleCellHaystack (k=5),0.06392251815980629
495,SingleCellHaystack (k=5),0.027285129604365622
496,SingleCellHaystack (k=5),0.09006363191385218
497,SingleCellHaystack (k=5),0.09404990403071017
498,SingleCellHaystack (k=6),0.09669698420296793
499,SingleCellHaystack (k=6),0.04844124700239808
500,SingleCellHaystack (k=6),0.06392251815980629
501,SingleCellHaystack (k=6),0.027285129604365622
502,SingleCellHaystack (k=6),0.07502374169040836
503,SingleCellHaystack (k=6),0.09404990403071017
504,SPIRAL (Jaccard index=0.05),0.15411127523387494
505,SPIRAL (Jaccard index=0.05),0.1448780487804878
506,SPIRAL (Jaccard index=0.05),0.09961685823754789
507,SPIRAL (Jaccard index=0.05),0.048089308716187204
508,SPIRAL (Jaccard index=0.05),0.23092072870507138
509,SPIRAL (Jaccard index=0.05),0.1875293014533521
510,SPIRAL (Jaccard index=0.5),0.21347291761492945
511,SPIRAL (Jaccard index=0.5),0.21679962458939464
512,SPIRAL (Jaccard index=0.5),0.23710843373493976
513,SPIRAL (Jaccard index=0.5),0.2039506172839506
514,SPIRAL (Jaccard index=0.5),0.2578302315024966
515,SPIRAL (Jaccard index=0.5),0.1875293014533521
516,SPIRAL (Jaccard index=0.75),0.21347291761492945
517,SPIRAL (Jaccard index=0.75),0.21679962458939464
518,SPIRAL (Jaccard index=0.75),0.23710843373493976
519,SPIRAL (Jaccard index=0.75),0.2039506172839506
520,SPIRAL (Jaccard index=0.75),0.2578302315024966
521,SPIRAL (Jaccard index=0.75),0.1875293014533521
522,Seurat,0.06596638655462185
523,Seurat,0.0523279769262464
524,Seurat,0.10840336134453782
525,Seurat,0.0959552495697074
526,Seurat,0.10498687664041995
527,Seurat,0.07179487179487179
528,Slingshot+tradeSeq (nPoints=20),0.06859382655561
529,Slingshot+tradeSeq (nPoints=20),0.04873294346978557
530,Slingshot+tradeSeq (nPoints=20),0.016561130053580127
531,Slingshot+tradeSeq (nPoints=20),0.02688919796012981
532,Slingshot+tradeSeq (nPoints=20),0.11525257479156449
533,Slingshot+tradeSeq (nPoints=20),0.033763654419066536
534,Slingshot+tradeSeq (nPoints=200),0.10927634774162215
535,Slingshot+tradeSeq (nPoints=200),0.054554310764734534
536,Slingshot+tradeSeq (nPoints=200),0.020814880425155006
537,Slingshot+tradeSeq (nPoints=200),0.027652086475615886
538,Slingshot+tradeSeq (nPoints=200),0.11579980372914622
539,Slingshot+tradeSeq (nPoints=200),0.03917050691244239
540,Hotspot (n_neighbors=30),0.047267355982274745
541,Hotspot (n_neighbors=30),0.0947265625
542,Hotspot (n_neighbors=30),0.03214807598636142
543,Hotspot (n_neighbors=30),0.1341093117408907
544,Hotspot (n_neighbors=30),0.10237388724035608
545,Hotspot (n_neighbors=30),0.02875557759048091
546,Hotspot (n_neighbors=300),0.053175775480059084
547,Hotspot (n_neighbors=300),0.0498046875
548,Hotspot (n_neighbors=300),0.04114230396902226
549,Hotspot (n_neighbors=300),0.10494450050454086
550,Hotspot (n_neighbors=300),0.10187932739861523
551,Hotspot (n_neighbors=300),0.023418036870951668
552,nsNMF,0.029049729197439686
553,nsNMF,0.01460197833254828
554,nsNMF,0.05114466634193863
555,nsNMF,0.01083743842364532
556,nsNMF,0.044532409698169226
557,nsNMF,0.015903614457831325
558,SingleCellHaystack (k=3),0.10220994475138122
559,SingleCellHaystack (k=3),0.08980477223427331
560,SingleCellHaystack (k=3),0.07957302280446385
561,SingleCellHaystack (k=3),0.06266432953549518
562,SingleCellHaystack (k=3),0.1564245810055866
563,SingleCellHaystack (k=3),0.09592215013901761
564,SingleCellHaystack (k=5),0.054502369668246446
565,SingleCellHaystack (k=5),0.06398537477148081
566,SingleCellHaystack (k=5),0.07957302280446385
567,SingleCellHaystack (k=5),0.03723404255319149
568,SingleCellHaystack (k=5),0.11758989310009718
569,SingleCellHaystack (k=5),0.059024390243902436
570,SingleCellHaystack (k=6),0.054502369668246446
571,SingleCellHaystack (k=6),0.06398537477148081
572,SingleCellHaystack (k=6),0.04997573993207181
573,SingleCellHaystack (k=6),0.03723404255319149
574,SingleCellHaystack (k=6),0.11758989310009718
575,SingleCellHaystack (k=6),0.059024390243902436
576,SPIRAL (Jaccard index=0.05),0.13776257938446507
577,SPIRAL (Jaccard index=0.05),0.06839032527105922
578,SPIRAL (Jaccard index=0.05),0.27688564476885646
579,SPIRAL (Jaccard index=0.05),0.05381561535068372
580,SPIRAL (Jaccard index=0.05),0.20657507360157018
581,SPIRAL (Jaccard index=0.05),0.0700453234445818
582,SPIRAL (Jaccard index=0.5),0.22566371681415928
583,SPIRAL (Jaccard index=0.5),0.25634765625
584,SPIRAL (Jaccard index=0.5),0.27688564476885646
585,SPIRAL (Jaccard index=0.5),0.20579847908745247
586,SPIRAL (Jaccard index=0.5),0.2509157509157509
587,SPIRAL (Jaccard index=0.5),0.23103901797457255
588,SPIRAL (Jaccard index=0.75),0.22566371681415928
589,SPIRAL (Jaccard index=0.75),0.25634765625
590,SPIRAL (Jaccard index=0.75),0.27688564476885646
591,SPIRAL (Jaccard index=0.75),0.20579847908745247
592,SPIRAL (Jaccard index=0.75),0.2509157509157509
593,SPIRAL (Jaccard index=0.75),0.23103901797457255
594,Seurat,0.07038733860891296
595,Seurat,0.051145662847790506
596,Seurat,0.12196162046908315
597,Seurat,0.09145044661846023
598,Seurat,0.1029728565273589
599,Seurat,0.0821917808219178
600,Slingshot+tradeSeq (nPoints=20),0.08458920758385999
601,Slingshot+tradeSeq (nPoints=20),0.05505050505050505
602,Slingshot+tradeSeq (nPoints=20),0.032432432432432434
603,Slingshot+tradeSeq (nPoints=20),0.03168685927306617
604,Slingshot+tradeSeq (nPoints=20),0.10605326876513317
605,Slingshot+tradeSeq (nPoints=20),0.046742913973147684
606,Slingshot+tradeSeq (nPoints=200),0.08118619348565873
607,Slingshot+tradeSeq (nPoints=200),0.045454545454545456
608,Slingshot+tradeSeq (nPoints=200),0.036855036855036855
609,Slingshot+tradeSeq (nPoints=200),0.031569173630454965
610,Slingshot+tradeSeq (nPoints=200),0.11262135922330097
611,Slingshot+tradeSeq (nPoints=200),0.044256588761810045
612,Hotspot (n_neighbors=30),0.17618350414836506
613,Hotspot (n_neighbors=30),0.04595588235294118
614,Hotspot (n_neighbors=30),0.029513034923757994
615,Hotspot (n_neighbors=30),0.1298635674583123
616,Hotspot (n_neighbors=30),0.14572127139364302
617,Hotspot (n_neighbors=30),0.06666666666666667
618,Hotspot (n_neighbors=300),0.05324865657059111
619,Hotspot (n_neighbors=300),0.08417849898580122
620,Hotspot (n_neighbors=300),0.03000491883915396
621,Hotspot (n_neighbors=300),0.1172901921132457
622,Hotspot (n_neighbors=300),0.09081983308787432
623,Hotspot (n_neighbors=300),0.0791044776119403
624,nsNMF,0.05276013678553981
625,nsNMF,0.021026894865525673
626,nsNMF,0.04230201672405312
627,nsNMF,0.01657727937591419
628,nsNMF,0.05689063266307013
629,nsNMF,0.017822736030828516
630,SingleCellHaystack (k=3),0.1004089050431622
631,SingleCellHaystack (k=3),0.08381891528462573
632,SingleCellHaystack (k=3),0.082312591866732
633,SingleCellHaystack (k=3),0.06622516556291391
634,SingleCellHaystack (k=3),0.1606725829051845
635,SingleCellHaystack (k=3),0.10904007455731593
636,SingleCellHaystack (k=5),0.1004089050431622
637,SingleCellHaystack (k=5),0.06588235294117648
638,SingleCellHaystack (k=5),0.05689063266307013
639,SingleCellHaystack (k=5),0.03856749311294766
640,SingleCellHaystack (k=5),0.12548262548262548
641,SingleCellHaystack (k=5),0.10904007455731593
642,SingleCellHaystack (k=6),0.1004089050431622
643,SingleCellHaystack (k=6),0.036567528035104824
644,SingleCellHaystack (k=6),0.05689063266307013
645,SingleCellHaystack (k=6),0.03213242453748783
646,SingleCellHaystack (k=6),0.06771344455348381
647,SingleCellHaystack (k=6),0.10904007455731593
648,SPIRAL (Jaccard index=0.05),0.21463852716659182
649,SPIRAL (Jaccard index=0.05),0.06333892617449664
650,SPIRAL (Jaccard index=0.05),0.2635342185903984
651,SPIRAL (Jaccard index=0.05),0.0967741935483871
652,SPIRAL (Jaccard index=0.05),0.2057797708021923
653,SPIRAL (Jaccard index=0.05),0.18395390070921985
654,SPIRAL (Jaccard index=0.5),0.22304111714507371
655,SPIRAL (Jaccard index=0.5),0.19211576846307385
656,SPIRAL (Jaccard index=0.5),0.2635342185903984
657,SPIRAL (Jaccard index=0.5),0.15388235294117647
658,SPIRAL (Jaccard index=0.5),0.2272938984629716
659,SPIRAL (Jaccard index=0.5),0.23868149324861002
660,SPIRAL (Jaccard index=0.75),0.22304111714507371
661,SPIRAL (Jaccard index=0.75),0.19211576846307385
662,SPIRAL (Jaccard index=0.75),0.2635342185903984
663,SPIRAL (Jaccard index=0.75),0.18498659517426275
664,SPIRAL (Jaccard index=0.75),0.2272938984629716
665,SPIRAL (Jaccard index=0.75),0.23868149324861002
666,Seurat,0.07201379905131522
667,Seurat,0.05669481302774427
668,Seurat,0.13735046521931768
669,Seurat,0.08744038155802862
670,Seurat,0.08661069376933274
671,Seurat,0.0820829655781112
672,Slingshot+tradeSeq (nPoints=20),0.07480314960629922
673,Slingshot+tradeSeq (nPoints=20),0.028211586901763223
674,Slingshot+tradeSeq (nPoints=20),0.03380135205408216
675,Slingshot+tradeSeq (nPoints=20),0.02009825815096025
676,Slingshot+tradeSeq (nPoints=20),0.08846918489065607
677,Slingshot+tradeSeq (nPoints=20),0.046476761619190406
678,Slingshot+tradeSeq (nPoints=200),0.10433934666016577
679,Slingshot+tradeSeq (nPoints=200),0.02469758064516129
680,Slingshot+tradeSeq (nPoints=200),0.03732503888024884
681,Slingshot+tradeSeq (nPoints=200),0.024154589371980676
682,Slingshot+tradeSeq (nPoints=200),0.08950770760815514
683,Slingshot+tradeSeq (nPoints=200),0.04652326163081541
684,Hotspot (n_neighbors=30),0.08682782437099161
685,Hotspot (n_neighbors=30),0.07429718875502007
686,Hotspot (n_neighbors=30),0.056623376623376624
687,Hotspot (n_neighbors=30),0.09142586451918522
688,Hotspot (n_neighbors=30),0.16956737941322725
689,Hotspot (n_neighbors=30),0.05964912280701754
690,Hotspot (n_neighbors=300),0.06018746916625555
691,Hotspot (n_neighbors=300),0.14881850175967823
692,Hotspot (n_neighbors=300),0.04987012987012987
693,Hotspot (n_neighbors=300),0.08909004287756074
694,Hotspot (n_neighbors=300),0.0637767812655705
695,Hotspot (n_neighbors=300),0.023103967855349072
696,nsNMF,0.03516377649325626
697,nsNMF,0.023369036027263874
698,nsNMF,0.059159314997405295
699,nsNMF,0.01156336725254394
700,nsNMF,0.04702351175587794
701,nsNMF,0.036256736893679566
702,SingleCellHaystack (k=3),0.11236973266878116
703,SingleCellHaystack (k=3),0.06588235294117648
704,SingleCellHaystack (k=3),0.08697788697788698
705,SingleCellHaystack (k=3),0.03579223046704496
706,SingleCellHaystack (k=3),0.1100828056502679
707,SingleCellHaystack (k=3),0.1344892221180881
708,SingleCellHaystack (k=5),0.07468123861566485
709,SingleCellHaystack (k=5),0.06588235294117648
710,SingleCellHaystack (k=5),0.08082901554404145
711,SingleCellHaystack (k=5),0.03579223046704496
712,SingleCellHaystack (k=5),0.1100828056502679
713,SingleCellHaystack (k=5),0.10498812351543943
714,SingleCellHaystack (k=6),0.07468123861566485
715,SingleCellHaystack (k=6),0.041207474844274075
716,SingleCellHaystack (k=6),0.08082901554404145
717,SingleCellHaystack (k=6),0.026090868196131354
718,SingleCellHaystack (k=6),0.06839276990718124
719,SingleCellHaystack (k=6),0.10498812351543943
